{
  "exp_name": "rnn_ae_ECG5000_exp_0",
  "agent": "RecurrentAEAgent",
  "rnn_type": "GRU",
  "rnn_act": "None",
  "n_layers": 1,
  "latent_dim": 8,
  "n_features": 1,
  "learning_rate": 0.001,
  "batch_size": 128,
  "batch_size_val": 256,
  "max_epoch": 2000,
  "loss": "MAE",
  "lambda_auc": 0.1,
  "sampler_random_state": 88,
  "data_folder": "./data/ECG5000/numpy/",
  "X_train": "X_train.npy",
  "y_train": "y_train.npy",
  "X_train_p": "X_train_p.npy",
  "y_train_p": "y_train_p.npy",
  "X_val": "X_val.npy",
  "y_val": "y_val.npy",
  "X_test": "X_test.npy",
  "y_test": "y_test.npy",
  "X_val_p": "X_val_p.npy",
  "y_val_p": "y_val_p.npy",
  "training_type": "one_class",
  "validation_type": "one_class",
  "checkpoint_file": "checkpoint.pth.tar",
  "checkpoint_dir": "./experiments/checkpoints/",
  "load_checkpoint": false,
  "cuda": false,
  "device": "cpu",
  "gpu_device": 0,
  "seed": 58
}