Date,Open,High,Low,Close,Adj Close,Volume,ticker
2021-05-27,25.0,27.003000259399414,22.959999084472656,23.5,23.5,1961900,DAWN
2021-05-28,24.1200008392334,27.040000915527344,22.43000030517578,23.690000534057617,23.690000534057617,412900,DAWN
2021-06-01,23.700000762939453,24.5,19.06999969482422,21.299999237060547,21.299999237060547,534000,DAWN
2021-06-02,21.670000076293945,23.170000076293945,21.450000762939453,22.170000076293945,22.170000076293945,386500,DAWN
2021-06-03,22.170000076293945,24.389999389648438,17.194000244140625,19.0,19.0,1015400,DAWN
2021-06-04,18.43000030517578,19.5,18.07699966430664,19.010000228881836,19.010000228881836,280800,DAWN
2021-06-07,18.81999969482422,20.020000457763672,18.690000534057617,19.780000686645508,19.780000686645508,178300,DAWN
2021-06-08,19.90999984741211,20.600000381469727,19.5,20.440000534057617,20.440000534057617,81900,DAWN
2021-06-09,20.31999969482422,20.989999771118164,19.719999313354492,20.6299991607666,20.6299991607666,88200,DAWN
2021-06-10,20.649999618530273,21.110000610351562,20.0,20.520000457763672,20.520000457763672,141500,DAWN
2021-06-11,20.399999618530273,21.20599937438965,20.389999389648438,20.84000015258789,20.84000015258789,22800,DAWN
2021-06-14,20.049999237060547,21.40999984741211,20.049999237060547,20.5,20.5,17300,DAWN
2021-06-15,20.920000076293945,21.030000686645508,19.799999237060547,20.020000457763672,20.020000457763672,7500,DAWN
2021-06-16,19.760000228881836,20.690000534057617,18.959999084472656,19.229999542236328,19.229999542236328,73800,DAWN
2021-06-17,19.18000030517578,19.924999237060547,19.09000015258789,19.459999084472656,19.459999084472656,36300,DAWN
2021-06-18,19.510000228881836,21.780000686645508,19.06999969482422,21.0,21.0,113500,DAWN
2021-06-21,21.899999618530273,22.59600067138672,21.110000610351562,21.25,21.25,74000,DAWN
2021-06-22,21.600000381469727,21.729999542236328,19.8799991607666,20.350000381469727,20.350000381469727,62900,DAWN
2021-06-23,20.809999465942383,22.628000259399414,19.989999771118164,20.229999542236328,20.229999542236328,34300,DAWN
2021-06-24,20.520000457763672,20.674999237060547,19.719999313354492,20.139999389648438,20.139999389648438,25800,DAWN
2021-06-25,20.06999969482422,20.829999923706055,19.889999389648438,20.049999237060547,20.049999237060547,34100,DAWN
2021-06-28,20.170000076293945,21.299999237060547,19.850000381469727,20.170000076293945,20.170000076293945,17900,DAWN
2021-06-29,21.540000915527344,22.722000122070312,21.350000381469727,22.209999084472656,22.209999084472656,243000,DAWN
2021-06-30,22.360000610351562,23.5,22.25,22.770000457763672,22.770000457763672,129500,DAWN
2021-07-01,22.809999465942383,24.469999313354492,22.5,23.170000076293945,23.170000076293945,72800,DAWN
2021-07-02,23.170000076293945,24.290000915527344,22.724000930786133,22.850000381469727,22.850000381469727,88000,DAWN
2021-07-06,22.799999237060547,23.920000076293945,22.139999389648438,22.139999389648438,22.139999389648438,39800,DAWN
2021-07-07,22.399999618530273,23.160999298095703,20.780000686645508,21.100000381469727,21.100000381469727,103000,DAWN
2021-07-08,20.709999084472656,20.989999771118164,20.0,20.139999389648438,20.139999389648438,134100,DAWN
2021-07-09,20.139999389648438,21.75,20.08799934387207,21.75,21.75,41600,DAWN
2021-07-12,21.75,22.079999923706055,20.0,20.93000030517578,20.93000030517578,84700,DAWN
2021-07-13,21.200000762939453,21.65999984741211,20.479999542236328,20.844999313354492,20.844999313354492,81300,DAWN
2021-07-14,21.200000762939453,21.472999572753906,20.18000030517578,20.479999542236328,20.479999542236328,48300,DAWN
2021-07-15,20.760000228881836,20.760000228881836,19.760000228881836,20.0,20.0,97700,DAWN
2021-07-16,20.290000915527344,20.860000610351562,20.0,20.260000228881836,20.260000228881836,46600,DAWN
2021-07-19,20.0,21.520000457763672,20.0,21.309999465942383,21.309999465942383,64800,DAWN
2021-07-20,21.25,21.729999542236328,21.100000381469727,21.280000686645508,21.280000686645508,25000,DAWN
2021-07-21,21.625,21.625,21.25,21.56999969482422,21.56999969482422,18600,DAWN
2021-07-22,21.17099952697754,22.860000610351562,21.17099952697754,22.459999084472656,22.459999084472656,42900,DAWN
2021-07-23,22.084999084472656,22.700000762939453,21.8700008392334,22.6299991607666,22.6299991607666,49200,DAWN
2021-07-26,22.34000015258789,23.209999084472656,21.8700008392334,22.8799991607666,22.8799991607666,53000,DAWN
2021-07-27,23.100000381469727,23.639999389648438,22.200000762939453,22.579999923706055,22.579999923706055,85100,DAWN
2021-07-28,23.075000762939453,23.1299991607666,21.700000762939453,21.700000762939453,21.700000762939453,43500,DAWN
2021-07-29,22.149999618530273,23.5,21.979999542236328,23.280000686645508,23.280000686645508,42900,DAWN
2021-07-30,23.040000915527344,24.18000030517578,23.010000228881836,23.719999313354492,23.719999313354492,68300,DAWN
2021-08-02,23.940000534057617,24.559999465942383,22.850000381469727,23.90999984741211,23.90999984741211,78100,DAWN
2021-08-03,24.31999969482422,25.31999969482422,23.709999084472656,24.850000381469727,24.850000381469727,104500,DAWN
2021-08-04,24.899999618530273,25.350000381469727,22.410999298095703,24.5,24.5,65100,DAWN
2021-08-05,24.5,26.059999465942383,24.5,25.510000228881836,25.510000228881836,36000,DAWN
2021-08-06,26.0,27.200000762939453,26.0,26.8799991607666,26.8799991607666,71800,DAWN
2021-08-09,26.950000762939453,27.329999923706055,25.638999938964844,26.549999237060547,26.549999237060547,75500,DAWN
2021-08-10,26.34000015258789,26.950000762939453,25.610000610351562,25.670000076293945,25.670000076293945,85700,DAWN
2021-08-11,25.610000610351562,25.729999542236328,21.030000686645508,22.149999618530273,22.149999618530273,133200,DAWN
2021-08-12,22.399999618530273,23.3700008392334,22.15999984741211,23.059999465942383,23.059999465942383,63600,DAWN
2021-08-13,23.0,25.0,22.309999465942383,24.540000915527344,24.540000915527344,100200,DAWN
2021-08-16,24.709999084472656,24.979999542236328,23.610000610351562,24.649999618530273,24.649999618530273,76100,DAWN
2021-08-17,24.5,25.0,23.860000610351562,24.75,24.75,145800,DAWN
2021-08-18,24.75,24.989999771118164,23.625,23.899999618530273,23.899999618530273,223700,DAWN
2021-08-19,23.510000228881836,25.229999542236328,23.510000228881836,24.670000076293945,24.670000076293945,106400,DAWN
2021-08-20,24.43000030517578,25.26300048828125,24.3799991607666,25.219999313354492,25.219999313354492,56500,DAWN
2021-08-23,25.25,27.889999389648438,25.25,27.0,27.0,263200,DAWN
2021-08-24,26.809999465942383,27.21500015258789,26.139999389648438,27.0,27.0,89400,DAWN
2021-08-25,27.014999389648438,27.530000686645508,26.510000228881836,27.290000915527344,27.290000915527344,77000,DAWN
2021-08-26,27.0,28.420000076293945,27.0,27.510000228881836,27.510000228881836,159200,DAWN
2021-08-27,27.510000228881836,28.349000930786133,27.06999969482422,27.299999237060547,27.299999237060547,78900,DAWN
2021-08-30,27.31999969482422,28.049999237060547,26.450000762939453,27.420000076293945,27.420000076293945,92500,DAWN
2021-08-31,27.700000762939453,28.389999389648438,26.520000457763672,27.829999923706055,27.829999923706055,91500,DAWN
2021-09-01,28.100000381469727,28.360000610351562,27.25,27.920000076293945,27.920000076293945,88400,DAWN
2021-09-02,28.059999465942383,28.5,26.0,27.020000457763672,27.020000457763672,112600,DAWN
2021-09-03,27.0,27.93000030517578,26.71500015258789,27.540000915527344,27.540000915527344,191800,DAWN
2021-09-07,27.829999923706055,28.698999404907227,24.510000228881836,25.110000610351562,25.110000610351562,119200,DAWN
2021-09-08,25.399999618530273,26.469999313354492,24.5,26.209999084472656,26.209999084472656,66900,DAWN
2021-09-09,25.815000534057617,26.649999618530273,25.059999465942383,25.15999984741211,25.15999984741211,80400,DAWN
2021-09-10,25.15999984741211,26.299999237060547,24.8799991607666,25.770000457763672,25.770000457763672,126600,DAWN
2021-09-13,25.8799991607666,25.979999542236328,23.290000915527344,23.469999313354492,23.469999313354492,100900,DAWN
2021-09-14,23.5,25.1200008392334,23.5,24.770000457763672,24.770000457763672,107900,DAWN
2021-09-15,24.600000381469727,26.209999084472656,24.600000381469727,24.93000030517578,24.93000030517578,109100,DAWN
2021-09-16,24.799999237060547,25.399999618530273,24.469999313354492,25.229999542236328,25.229999542236328,168000,DAWN
2021-09-17,25.110000610351562,25.989999771118164,23.0,23.200000762939453,23.200000762939453,1526500,DAWN
2021-09-20,22.959999084472656,23.690000534057617,19.844999313354492,20.549999237060547,20.549999237060547,182600,DAWN
2021-09-21,20.75,22.190000534057617,20.75,22.010000228881836,22.010000228881836,82500,DAWN
2021-09-22,22.25,22.43000030517578,21.84000015258789,22.0,22.0,89000,DAWN
2021-09-23,22.31999969482422,24.989999771118164,22.155000686645508,24.34000015258789,24.34000015258789,61300,DAWN
2021-09-24,24.329999923706055,24.329999923706055,23.100000381469727,23.610000610351562,23.610000610351562,51400,DAWN
2021-09-27,23.3700008392334,24.780000686645508,23.3700008392334,24.450000762939453,24.450000762939453,92000,DAWN
2021-09-28,23.8799991607666,24.959999084472656,23.270000457763672,23.649999618530273,23.649999618530273,103200,DAWN
2021-09-29,23.809999465942383,24.079999923706055,23.0,23.850000381469727,23.850000381469727,65000,DAWN
2021-09-30,24.020000457763672,24.209999084472656,23.0,23.729999542236328,23.729999542236328,72600,DAWN
2021-10-01,23.8700008392334,24.649999618530273,23.145000457763672,24.59000015258789,24.59000015258789,82300,DAWN
2021-10-04,24.0,24.809999465942383,22.674999237060547,22.850000381469727,22.850000381469727,84000,DAWN
2021-10-05,22.850000381469727,23.8700008392334,20.399999618530273,20.860000610351562,20.860000610351562,63700,DAWN
2021-10-06,20.579999923706055,21.75,20.209999084472656,20.709999084472656,20.709999084472656,51900,DAWN
2021-10-07,20.690000534057617,21.979999542236328,20.364999771118164,21.649999618530273,21.649999618530273,38100,DAWN
2021-10-08,21.770000457763672,22.690000534057617,21.770000457763672,22.030000686645508,22.030000686645508,33500,DAWN
2021-10-11,22.1200008392334,22.1200008392334,20.68000030517578,21.100000381469727,21.100000381469727,49100,DAWN
2021-10-12,21.209999084472656,21.819000244140625,20.8700008392334,21.459999084472656,21.459999084472656,39700,DAWN
2021-10-13,21.610000610351562,23.0,21.545000076293945,22.969999313354492,22.969999313354492,33100,DAWN
2021-10-14,23.079999923706055,23.155000686645508,22.09000015258789,22.399999618530273,22.399999618530273,23800,DAWN
2021-10-15,22.809999465942383,23.437000274658203,21.59000015258789,22.149999618530273,22.149999618530273,41100,DAWN
2021-10-18,21.024999618530273,22.90999984741211,21.024999618530273,22.290000915527344,22.290000915527344,32700,DAWN
2021-10-19,22.68000030517578,23.3700008392334,21.68000030517578,23.239999771118164,23.239999771118164,57500,DAWN
2021-10-20,23.329999923706055,23.84000015258789,22.399999618530273,23.59000015258789,23.59000015258789,34700,DAWN
2021-10-21,23.31999969482422,24.030000686645508,23.229999542236328,23.799999237060547,23.799999237060547,34500,DAWN
2021-10-22,24.010000228881836,24.655000686645508,22.8799991607666,23.709999084472656,23.709999084472656,28000,DAWN
2021-10-25,23.739999771118164,24.459999084472656,23.135000228881836,24.329999923706055,24.329999923706055,38100,DAWN
2021-10-26,24.579999923706055,25.489999771118164,24.350000381469727,24.59000015258789,24.59000015258789,113600,DAWN
2021-10-27,24.5,24.5,22.020000457763672,22.239999771118164,22.239999771118164,54400,DAWN
2021-10-28,22.229999542236328,24.020000457763672,22.229999542236328,23.799999237060547,23.799999237060547,36900,DAWN
2021-10-29,23.440000534057617,24.84000015258789,22.31999969482422,24.440000534057617,24.440000534057617,51200,DAWN
2021-11-01,24.940000534057617,24.940000534057617,22.40999984741211,22.920000076293945,22.920000076293945,74000,DAWN
2021-11-02,23.200000762939453,24.979999542236328,22.8700008392334,24.81999969482422,24.81999969482422,52400,DAWN
2021-11-03,24.850000381469727,26.0,24.358999252319336,25.719999313354492,25.719999313354492,38800,DAWN
2021-11-04,25.59000015258789,26.114999771118164,25.229999542236328,25.959999084472656,25.959999084472656,25300,DAWN
2021-11-05,26.06999969482422,26.5,25.239999771118164,26.329999923706055,26.329999923706055,105700,DAWN
2021-11-08,26.299999237060547,26.6200008392334,23.889999389648438,24.829999923706055,24.829999923706055,70700,DAWN
2021-11-09,24.329999923706055,24.719999313354492,22.989999771118164,23.899999618530273,23.899999618530273,49900,DAWN
2021-11-10,24.360000610351562,24.65999984741211,22.68000030517578,23.139999389648438,23.139999389648438,41700,DAWN
2021-11-11,23.219999313354492,23.829999923706055,22.93000030517578,23.149999618530273,23.149999618530273,60500,DAWN
2021-11-12,22.672000885009766,23.094999313354492,22.190000534057617,22.190000534057617,22.190000534057617,32800,DAWN
2021-11-15,22.59000015258789,22.670000076293945,21.010000228881836,21.260000228881836,21.260000228881836,78000,DAWN
2021-11-16,21.239999771118164,22.559999465942383,20.8700008392334,21.3799991607666,21.3799991607666,64300,DAWN
2021-11-17,21.450000762939453,21.950000762939453,20.399999618530273,20.510000228881836,20.510000228881836,22700,DAWN
2021-11-18,20.510000228881836,20.989999771118164,19.979999542236328,20.110000610351562,20.110000610351562,57200,DAWN
2021-11-19,19.920000076293945,20.600000381469727,19.143999099731445,20.110000610351562,20.110000610351562,27700,DAWN
2021-11-22,20.309999465942383,21.0,18.81999969482422,19.030000686645508,19.030000686645508,30500,DAWN
2021-11-23,19.0,20.729999542236328,18.5,19.0,19.0,72600,DAWN
2021-11-24,18.704999923706055,18.799999237060547,17.93000030517578,18.15999984741211,18.15999984741211,78800,DAWN
2021-11-26,17.59000015258789,18.81999969482422,17.59000015258789,18.299999237060547,18.299999237060547,110900,DAWN
2021-11-29,18.809999465942383,20.020000457763672,17.780000686645508,18.049999237060547,18.049999237060547,298600,DAWN
2021-11-30,17.809999465942383,19.010000228881836,16.399999618530273,18.3700008392334,18.3700008392334,699700,DAWN
2021-12-01,19.635000228881836,19.635000228881836,16.1299991607666,16.43000030517578,16.43000030517578,116600,DAWN
2021-12-02,16.479999542236328,19.540000915527344,16.25,19.329999923706055,19.329999923706055,176300,DAWN
2021-12-03,19.420000076293945,19.643999099731445,17.56999969482422,18.0,18.0,119500,DAWN
2021-12-06,18.43000030517578,18.665000915527344,17.229999542236328,18.0,18.0,313900,DAWN
2021-12-07,18.360000610351562,19.934999465942383,17.954999923706055,18.0,18.0,457700,DAWN
2021-12-08,18.25,18.729999542236328,17.31999969482422,17.979999542236328,17.979999542236328,333200,DAWN
2021-12-09,17.450000762939453,19.899999618530273,16.450000762939453,16.75,16.75,311900,DAWN
2021-12-10,16.809999465942383,18.40999984741211,16.163999557495117,17.389999389648438,17.389999389648438,301800,DAWN
2021-12-13,17.239999771118164,18.809999465942383,16.82200050354004,17.450000762939453,17.450000762939453,184600,DAWN
2021-12-14,17.239999771118164,17.8799991607666,16.670000076293945,17.450000762939453,17.450000762939453,392200,DAWN
2021-12-15,17.670000076293945,18.649999618530273,16.614999771118164,18.25,18.25,826200,DAWN
2021-12-16,18.049999237060547,18.844999313354492,16.84000015258789,17.530000686645508,17.530000686645508,837200,DAWN
2021-12-17,17.229999542236328,18.270000457763672,16.469999313354492,17.850000381469727,17.850000381469727,1156600,DAWN
2021-12-20,17.510000228881836,18.639999389648438,16.868000030517578,17.959999084472656,17.959999084472656,610700,DAWN
2021-12-21,18.0,18.0,16.809999465942383,17.290000915527344,17.290000915527344,647700,DAWN
2021-12-22,16.739999771118164,16.739999771118164,15.539999961853027,15.649999618530273,15.649999618530273,218200,DAWN
2021-12-23,15.649999618530273,15.890000343322754,15.15999984741211,15.829999923706055,15.829999923706055,69900,DAWN
2021-12-27,15.899999618530273,16.059999465942383,15.5600004196167,15.970000267028809,15.970000267028809,168500,DAWN
2021-12-28,16.0,16.309999465942383,15.90999984741211,16.270000457763672,16.270000457763672,207100,DAWN
2021-12-29,16.270000457763672,16.84000015258789,15.760000228881836,16.350000381469727,16.350000381469727,137000,DAWN
2021-12-30,16.3799991607666,17.149999618530273,16.31999969482422,16.6299991607666,16.6299991607666,203300,DAWN
2021-12-31,16.719999313354492,17.829999923706055,16.559999465942383,16.850000381469727,16.850000381469727,102800,DAWN
2022-01-03,16.75,17.579999923706055,16.25,17.469999313354492,17.469999313354492,126700,DAWN
2022-01-04,17.520000457763672,17.520000457763672,16.8700008392334,16.979999542236328,16.979999542236328,31500,DAWN
2022-01-05,17.110000610351562,17.700000762939453,16.299999237060547,16.479999542236328,16.479999542236328,100800,DAWN
2022-01-06,16.34000015258789,17.309999465942383,16.010000228881836,16.459999084472656,16.459999084472656,133500,DAWN
2022-01-07,16.5,16.790000915527344,15.770000457763672,15.970000267028809,15.970000267028809,252000,DAWN
2022-01-10,15.90999984741211,16.274999618530273,13.9399995803833,14.479999542236328,14.479999542236328,486700,DAWN
2022-01-11,14.270000457763672,15.364999771118164,14.09000015258789,15.09000015258789,15.09000015258789,167300,DAWN
2022-01-12,15.010000228881836,15.8100004196167,14.9399995803833,15.359999656677246,15.359999656677246,142100,DAWN
2022-01-13,15.399999618530273,15.729999542236328,14.09000015258789,14.1899995803833,14.1899995803833,726300,DAWN
2022-01-14,14.0,14.385000228881836,13.449999809265137,14.09000015258789,14.09000015258789,111100,DAWN
2022-01-18,14.039999961853027,14.529999732971191,14.039999961853027,14.260000228881836,14.260000228881836,184400,DAWN
2022-01-19,14.399999618530273,14.954999923706055,14.069999694824219,14.710000038146973,14.710000038146973,193900,DAWN
2022-01-20,14.760000228881836,15.359999656677246,14.595000267028809,14.779999732971191,14.779999732971191,250100,DAWN
2022-01-21,15.029999732971191,15.609999656677246,14.279999732971191,14.630000114440918,14.630000114440918,425400,DAWN
2022-01-24,14.520000457763672,14.71500015258789,13.510000228881836,14.529999732971191,14.529999732971191,375100,DAWN
2022-01-25,14.390000343322754,15.289999961853027,13.670000076293945,14.75,14.75,342500,DAWN
2022-01-26,14.869999885559082,16.360000610351562,13.6899995803833,13.850000381469727,13.850000381469727,153500,DAWN
2022-01-27,14.029999732971191,14.265000343322754,12.989999771118164,13.25,13.25,129600,DAWN
2022-01-28,13.260000228881836,14.029999732971191,12.949999809265137,14.010000228881836,14.010000228881836,919100,DAWN
2022-01-31,14.0,14.880000114440918,14.0,14.75,14.75,188900,DAWN
2022-02-01,14.760000228881836,15.0600004196167,14.260000228881836,14.949999809265137,14.949999809265137,99400,DAWN
2022-02-02,14.979999542236328,14.979999542236328,14.020000457763672,14.079999923706055,14.079999923706055,90700,DAWN
2022-02-03,14.0,14.380000114440918,14.0,14.09000015258789,14.09000015258789,61800,DAWN
2022-02-04,14.0,14.239999771118164,13.520000457763672,13.739999771118164,13.739999771118164,273600,DAWN
2022-02-07,13.819999694824219,14.734999656677246,13.649999618530273,14.210000038146973,14.210000038146973,97300,DAWN
2022-02-08,14.0600004196167,14.789999961853027,14.0,14.630000114440918,14.630000114440918,147300,DAWN
2022-02-09,14.829999923706055,15.720000267028809,14.640000343322754,15.470000267028809,15.470000267028809,134200,DAWN
2022-02-10,15.380000114440918,15.789999961853027,14.119999885559082,14.229999542236328,14.229999542236328,211600,DAWN
2022-02-11,14.25,15.020000457763672,14.0,14.09000015258789,14.09000015258789,151400,DAWN
2022-02-14,14.119999885559082,14.119999885559082,12.699999809265137,13.100000381469727,13.100000381469727,446100,DAWN
2022-02-15,12.960000038146973,14.15999984741211,12.960000038146973,13.789999961853027,13.789999961853027,223600,DAWN
2022-02-16,13.649999618530273,13.979999542236328,13.289999961853027,13.725000381469727,13.725000381469727,108800,DAWN
2022-02-17,13.430000305175781,13.869999885559082,13.109999656677246,13.489999771118164,13.489999771118164,149600,DAWN
2022-02-18,13.430000305175781,13.890000343322754,13.045000076293945,13.710000038146973,13.710000038146973,161000,DAWN
2022-02-22,13.649999618530273,14.010000228881836,13.170000076293945,13.3100004196167,13.3100004196167,224400,DAWN
2022-02-23,13.399999618530273,13.539999961853027,13.15999984741211,13.420000076293945,13.420000076293945,184400,DAWN
2022-02-24,13.170000076293945,13.829999923706055,13.170000076293945,13.8100004196167,13.8100004196167,146700,DAWN
2022-02-25,13.930000305175781,14.1899995803833,13.59000015258789,14.109999656677246,14.109999656677246,85300,DAWN
2022-02-28,13.779999732971191,14.229999542236328,13.550999641418457,13.65999984741211,13.65999984741211,127900,DAWN
2022-03-01,13.579999923706055,13.954999923706055,13.220000267028809,13.319999694824219,13.319999694824219,182700,DAWN
2022-03-02,13.380000114440918,14.199999809265137,13.229999542236328,13.5,13.5,96300,DAWN
2022-03-03,13.529999732971191,13.729999542236328,12.8100004196167,12.8100004196167,12.8100004196167,173400,DAWN
2022-03-04,12.520000457763672,12.970000267028809,11.9399995803833,11.970000267028809,11.970000267028809,126100,DAWN
2022-03-07,11.899999618530273,12.369999885559082,11.380000114440918,12.229999542236328,12.229999542236328,211000,DAWN
2022-03-08,12.34000015258789,12.789999961853027,11.489999771118164,12.40999984741211,12.40999984741211,178700,DAWN
2022-03-09,12.65999984741211,13.449999809265137,12.520000457763672,12.819999694824219,12.819999694824219,108300,DAWN
2022-03-10,12.579999923706055,12.59000015258789,11.890000343322754,12.359999656677246,12.359999656677246,765400,DAWN
2022-03-11,12.630000114440918,12.979999542236328,11.420000076293945,11.510000228881836,11.510000228881836,264800,DAWN
2022-03-14,11.630000114440918,11.960000038146973,10.649999618530273,10.729999542236328,10.729999542236328,157200,DAWN
2022-03-15,10.779999732971191,11.220000267028809,10.289999961853027,10.479999542236328,10.479999542236328,227500,DAWN
2022-03-16,10.59000015258789,11.1850004196167,10.59000015258789,10.979999542236328,10.979999542236328,261700,DAWN
2022-03-17,10.949999809265137,11.130000114440918,10.600000381469727,11.0600004196167,11.0600004196167,269500,DAWN
2022-03-18,11.100000381469727,11.59000015258789,10.710000038146973,10.930000305175781,10.930000305175781,1370900,DAWN
2022-03-21,10.899999618530273,11.020000457763672,9.779999732971191,9.829999923706055,9.829999923706055,239800,DAWN
2022-03-22,9.890000343322754,9.920000076293945,9.460000038146973,9.739999771118164,9.739999771118164,212400,DAWN
2022-03-23,9.890000343322754,10.0,9.199999809265137,9.270000457763672,9.270000457763672,175000,DAWN
2022-03-24,9.279999732971191,9.529999732971191,9.109999656677246,9.470000267028809,9.470000267028809,188500,DAWN
2022-03-25,9.460000038146973,9.729999542236328,9.029999732971191,9.489999771118164,9.489999771118164,166100,DAWN
2022-03-28,9.430000305175781,9.585000038146973,9.069999694824219,9.119999885559082,9.119999885559082,91500,DAWN
2022-03-29,9.229999542236328,9.720000267028809,9.229999542236328,9.630000114440918,9.630000114440918,87500,DAWN
2022-03-30,9.619999885559082,10.3100004196167,9.619999885559082,9.829999923706055,9.829999923706055,134900,DAWN
2022-03-31,9.720000267028809,10.050000190734863,9.720000267028809,9.920000076293945,9.920000076293945,97700,DAWN
2022-04-01,9.8100004196167,10.670000076293945,9.8100004196167,10.5600004196167,10.5600004196167,140500,DAWN
2022-04-04,10.529999732971191,10.765000343322754,10.289999961853027,10.670000076293945,10.670000076293945,110000,DAWN
2022-04-05,10.779999732971191,10.854999542236328,10.65999984741211,10.789999961853027,10.789999961853027,126500,DAWN
2022-04-06,10.539999961853027,11.194999694824219,10.46500015258789,11.140000343322754,11.140000343322754,483800,DAWN
2022-04-07,10.970000267028809,11.279999732971191,10.805000305175781,11.149999618530273,11.149999618530273,225900,DAWN
2022-04-08,11.029999732971191,11.390000343322754,10.850000381469727,11.09000015258789,11.09000015258789,84600,DAWN
2022-04-11,11.100000381469727,11.100000381469727,10.600000381469727,10.979999542236328,10.979999542236328,250400,DAWN
2022-04-12,11.020000457763672,11.40999984741211,10.920000076293945,11.029999732971191,11.029999732971191,89900,DAWN
2022-04-13,11.039999961853027,11.720000267028809,10.970000267028809,11.609999656677246,11.609999656677246,143800,DAWN
2022-04-14,11.600000381469727,11.600000381469727,11.0600004196167,11.319999694824219,11.319999694824219,96200,DAWN
2022-04-18,11.210000038146973,11.210000038146973,10.920000076293945,11.130000114440918,11.130000114440918,346400,DAWN
2022-04-19,11.0600004196167,11.199999809265137,10.925000190734863,11.010000228881836,11.010000228881836,88400,DAWN
2022-04-20,11.069999694824219,11.300000190734863,10.864999771118164,11.15999984741211,11.15999984741211,69500,DAWN
2022-04-21,11.210000038146973,11.225000381469727,10.949999809265137,10.970000267028809,10.970000267028809,158100,DAWN
2022-04-22,10.890000343322754,10.949999809265137,10.449999809265137,10.529999732971191,10.529999732971191,185600,DAWN
2022-04-25,10.420000076293945,10.79800033569336,10.069999694824219,10.579999923706055,10.579999923706055,142800,DAWN
2022-04-26,10.5,10.510000228881836,9.710000038146973,9.770000457763672,9.770000457763672,332100,DAWN
2022-04-27,9.680000305175781,9.989999771118164,8.789999961853027,9.020000457763672,9.020000457763672,176100,DAWN
2022-04-28,9.149999618530273,9.524999618530273,8.324999809265137,8.970000267028809,8.970000267028809,172600,DAWN
2022-04-29,8.899999618530273,9.369999885559082,8.489999771118164,8.520000457763672,8.520000457763672,194300,DAWN
2022-05-02,8.800000190734863,9.319999694824219,8.25,9.279999732971191,9.279999732971191,402600,DAWN
2022-05-03,9.359999656677246,10.199999809265137,8.869999885559082,9.5,9.5,381700,DAWN
2022-05-04,9.460000038146973,9.949999809265137,8.90999984741211,9.729999542236328,9.729999542236328,436200,DAWN
2022-05-05,9.539999961853027,9.619999885559082,8.930000305175781,8.989999771118164,8.989999771118164,110100,DAWN
2022-05-06,8.9399995803833,9.039999961853027,8.289999961853027,8.399999618530273,8.399999618530273,105200,DAWN
2022-05-09,8.229999542236328,8.3149995803833,7.670000076293945,7.739999771118164,7.739999771118164,171900,DAWN
2022-05-10,7.929999828338623,8.079999923706055,7.480000019073486,7.659999847412109,7.659999847412109,160500,DAWN
2022-05-11,7.590000152587891,7.625,6.985000133514404,7.050000190734863,7.050000190734863,647800,DAWN
2022-05-12,6.980000019073486,7.369999885559082,6.610000133514404,6.949999809265137,6.949999809265137,236600,DAWN
2022-05-13,7.039999961853027,7.78000020980835,6.53000020980835,7.650000095367432,7.650000095367432,461800,DAWN
2022-05-16,7.699999809265137,8.1899995803833,7.559999942779541,7.849999904632568,7.849999904632568,177300,DAWN
2022-05-17,8.100000381469727,8.640000343322754,7.75,8.59000015258789,8.59000015258789,218300,DAWN
2022-05-18,8.359999656677246,8.5,7.400000095367432,7.579999923706055,7.579999923706055,248300,DAWN
2022-05-19,7.489999771118164,7.769999980926514,6.800000190734863,6.880000114440918,6.880000114440918,203000,DAWN
2022-05-20,6.980000019073486,7.300000190734863,6.829999923706055,7.199999809265137,7.199999809265137,155900,DAWN
2022-05-23,7.329999923706055,7.760000228881836,7.034999847412109,7.21999979019165,7.21999979019165,291000,DAWN
2022-05-24,7.159999847412109,7.329999923706055,6.809999942779541,7.28000020980835,7.28000020980835,360000,DAWN
2022-05-25,7.320000171661377,7.510000228881836,6.079999923706055,6.159999847412109,6.159999847412109,440900,DAWN
2022-05-26,6.090000152587891,6.159999847412109,5.710000038146973,5.75,5.75,1200100,DAWN
2022-05-27,5.75,5.800000190734863,5.440000057220459,5.71999979019165,5.71999979019165,731400,DAWN
2022-05-31,5.5,6.230000019073486,5.449999809265137,6.21999979019165,6.21999979019165,942400,DAWN
2022-06-01,6.199999809265137,6.599999904632568,6.03000020980835,6.559999942779541,6.559999942779541,935400,DAWN
2022-06-02,6.489999771118164,7.019999980926514,6.380000114440918,6.670000076293945,6.670000076293945,527300,DAWN
2022-06-03,6.679999828338623,7.199999809265137,6.46999979019165,7.019999980926514,7.019999980926514,353400,DAWN
2022-06-06,7.110000133514404,7.110000133514404,6.519999980926514,6.679999828338623,6.679999828338623,195500,DAWN
2022-06-07,6.619999885559082,6.915999889373779,6.400000095367432,6.739999771118164,6.739999771118164,232600,DAWN
2022-06-08,6.75,7.460000038146973,6.630000114440918,7.050000190734863,7.050000190734863,163900,DAWN
2022-06-09,7.019999980926514,7.235000133514404,6.690000057220459,7.119999885559082,7.119999885559082,142100,DAWN
2022-06-10,6.96999979019165,7.099999904632568,6.510000228881836,6.619999885559082,6.619999885559082,142700,DAWN
2022-06-13,14.9399995803833,15.899999618530273,12.770000457763672,14.960000038146973,14.960000038146973,49936000,DAWN
2022-06-14,13.170000076293945,16.0,13.130000114440918,15.829999923706055,15.829999923706055,12472600,DAWN
2022-06-15,16.290000915527344,16.790000915527344,14.550000190734863,15.25,15.25,8618100,DAWN
2022-06-16,14.8100004196167,15.479999542236328,14.729999542236328,15.050000190734863,15.050000190734863,1514600,DAWN
2022-06-17,15.100000381469727,15.979999542236328,15.079999923706055,15.789999961853027,15.789999961853027,1768100,DAWN
2022-06-21,16.229999542236328,16.6200008392334,15.3100004196167,16.290000915527344,16.290000915527344,3046000,DAWN
2022-06-22,16.31999969482422,16.969999313354492,15.899999618530273,16.010000228881836,16.010000228881836,1118500,DAWN
2022-06-23,16.280000686645508,17.5,15.829999923706055,17.450000762939453,17.450000762939453,1413200,DAWN
2022-06-24,17.649999618530273,17.950000762939453,16.95400047302246,17.780000686645508,17.780000686645508,2197900,DAWN
2022-06-27,17.780000686645508,17.989999771118164,17.040000915527344,17.389999389648438,17.389999389648438,653100,DAWN
2022-06-28,17.40999984741211,18.1299991607666,16.989999771118164,17.1200008392334,17.1200008392334,992600,DAWN
2022-06-29,17.040000915527344,17.979999542236328,16.790000915527344,17.549999237060547,17.549999237060547,593000,DAWN
2022-06-30,17.260000228881836,18.219999313354492,16.90999984741211,17.899999618530273,17.899999618530273,762900,DAWN
2022-07-01,17.799999237060547,20.020000457763672,17.65999984741211,19.950000762939453,19.950000762939453,976100,DAWN
2022-07-05,19.450000762939453,20.079999923706055,18.420000076293945,19.309999465942383,19.309999465942383,869100,DAWN
2022-07-06,19.239999771118164,19.84000015258789,18.6299991607666,19.719999313354492,19.719999313354492,516300,DAWN
2022-07-07,19.700000762939453,19.989999771118164,19.010000228881836,19.43000030517578,19.43000030517578,506000,DAWN
2022-07-08,19.420000076293945,20.020000457763672,19.360000610351562,19.600000381469727,19.600000381469727,903300,DAWN
2022-07-11,19.530000686645508,19.889999389648438,18.399999618530273,18.459999084472656,18.459999084472656,484100,DAWN
2022-07-12,18.6200008392334,18.90399932861328,17.440000534057617,17.8799991607666,17.8799991607666,519300,DAWN
2022-07-13,17.440000534057617,19.299999237060547,17.440000534057617,19.06999969482422,19.06999969482422,325800,DAWN
2022-07-14,19.030000686645508,19.450000762939453,18.6299991607666,19.3799991607666,19.3799991607666,257900,DAWN
2022-07-15,19.6200008392334,19.6200008392334,19.030000686645508,19.139999389648438,19.139999389648438,228700,DAWN
2022-07-18,19.450000762939453,20.020000457763672,18.040000915527344,18.1299991607666,18.1299991607666,436500,DAWN
2022-07-19,18.139999389648438,19.399999618530273,18.1299991607666,19.3799991607666,19.3799991607666,333900,DAWN
2022-07-20,19.5,19.829999923706055,18.90999984741211,19.239999771118164,19.239999771118164,507000,DAWN
2022-07-21,19.420000076293945,19.860000610351562,19.110000610351562,19.239999771118164,19.239999771118164,473400,DAWN
2022-07-22,19.459999084472656,19.725000381469727,17.850000381469727,18.030000686645508,18.030000686645508,455000,DAWN
2022-07-25,17.799999237060547,18.299999237060547,17.229999542236328,17.65999984741211,17.65999984741211,188700,DAWN
2022-07-26,17.850000381469727,18.399999618530273,17.459999084472656,17.809999465942383,17.809999465942383,237800,DAWN
2022-07-27,18.049999237060547,18.06999969482422,17.200000762939453,17.93000030517578,17.93000030517578,236000,DAWN
2022-07-28,17.979999542236328,18.170000076293945,17.295000076293945,17.389999389648438,17.389999389648438,317100,DAWN
2022-07-29,17.290000915527344,17.290000915527344,16.719999313354492,17.1299991607666,17.1299991607666,287800,DAWN
2022-08-01,17.1200008392334,17.3799991607666,16.329999923706055,16.440000534057617,16.440000534057617,276400,DAWN
2022-08-02,16.8700008392334,17.559999465942383,16.0,17.530000686645508,17.530000686645508,506600,DAWN
2022-08-03,17.149999618530273,19.219999313354492,17.149999618530273,19.1299991607666,19.1299991607666,463400,DAWN
2022-08-04,19.290000915527344,20.549999237060547,18.979999542236328,20.450000762939453,20.450000762939453,526600,DAWN
2022-08-05,20.0,23.700000762939453,19.3799991607666,23.639999389648438,23.639999389648438,932800,DAWN
2022-08-08,23.739999771118164,24.834999084472656,23.47599983215332,24.389999389648438,24.389999389648438,617300,DAWN
2022-08-09,24.049999237060547,24.542999267578125,22.549999237060547,22.75,22.75,707900,DAWN
2022-08-10,23.040000915527344,23.8799991607666,22.469999313354492,23.56999969482422,23.56999969482422,583700,DAWN
2022-08-11,23.110000610351562,24.540000915527344,23.110000610351562,24.5,24.5,556000,DAWN
2022-08-12,24.780000686645508,28.350000381469727,24.649999618530273,26.56999969482422,26.56999969482422,918900,DAWN
2022-08-15,26.530000686645508,26.81999969482422,24.93000030517578,25.0,25.0,648100,DAWN
2022-08-16,25.010000228881836,25.334999084472656,24.06999969482422,24.239999771118164,24.239999771118164,610900,DAWN
2022-08-17,23.93000030517578,24.979999542236328,23.100000381469727,24.06999969482422,24.06999969482422,825200,DAWN
2022-08-18,23.950000762939453,24.65999984741211,23.489999771118164,24.0,24.0,562500,DAWN
2022-08-19,23.420000076293945,24.280000686645508,22.690000534057617,23.940000534057617,23.940000534057617,1089300,DAWN
2022-08-22,23.56999969482422,24.540000915527344,23.360000610351562,24.020000457763672,24.020000457763672,718300,DAWN
2022-08-23,24.0,24.899999618530273,23.479999542236328,24.5,24.5,1047200,DAWN
2022-08-24,24.420000076293945,25.40999984741211,24.030000686645508,25.1200008392334,25.1200008392334,522300,DAWN
2022-08-25,25.25,25.299999237060547,23.969999313354492,24.75,24.75,485800,DAWN
2022-08-26,24.729999542236328,24.954999923706055,23.97800064086914,24.09000015258789,24.09000015258789,309500,DAWN
2022-08-29,23.829999923706055,24.5,23.170000076293945,23.3799991607666,23.3799991607666,376700,DAWN
2022-08-30,23.5,23.579999923706055,22.559999465942383,22.90999984741211,22.90999984741211,443500,DAWN
2022-08-31,22.950000762939453,23.549999237060547,22.84000015258789,23.489999771118164,23.489999771118164,492700,DAWN
2022-09-01,23.489999771118164,24.079999923706055,22.649999618530273,23.760000228881836,23.760000228881836,441900,DAWN
2022-09-02,23.959999084472656,24.23900032043457,23.479999542236328,23.799999237060547,23.799999237060547,199700,DAWN
2022-09-06,24.040000915527344,24.079999923706055,23.31999969482422,23.56999969482422,23.56999969482422,261100,DAWN
2022-09-07,23.43000030517578,24.559999465942383,23.079999923706055,24.399999618530273,24.399999618530273,718200,DAWN
2022-09-08,24.5,26.139999389648438,24.479999542236328,24.889999389648438,24.889999389648438,598500,DAWN
2022-09-09,25.0,25.849000930786133,24.799999237060547,25.540000915527344,25.540000915527344,576700,DAWN
2022-09-12,25.670000076293945,26.719999313354492,24.360000610351562,25.84000015258789,25.84000015258789,966500,DAWN
2022-09-13,25.149999618530273,25.389999389648438,23.65999984741211,23.75,23.75,928500,DAWN
2022-09-14,23.5,24.3799991607666,23.0,23.31999969482422,23.31999969482422,954800,DAWN
2022-09-15,23.700000762939453,24.110000610351562,22.280000686645508,22.780000686645508,22.780000686645508,639800,DAWN
2022-09-16,22.100000381469727,22.475000381469727,20.937999725341797,21.540000915527344,21.540000915527344,3778300,DAWN
2022-09-19,21.1200008392334,21.270000457763672,20.219999313354492,20.540000915527344,20.540000915527344,616700,DAWN
2022-09-20,20.010000228881836,20.469999313354492,19.059999465942383,19.68000030517578,19.68000030517578,1124700,DAWN
2022-09-21,19.639999389648438,19.639999389648438,18.260000228881836,18.299999237060547,18.299999237060547,1391700,DAWN
2022-09-22,17.510000228881836,17.969999313354492,17.049999237060547,17.739999771118164,17.739999771118164,790600,DAWN
2022-09-23,17.510000228881836,18.329999923706055,17.023000717163086,18.290000915527344,18.290000915527344,767800,DAWN
2022-09-26,17.899999618530273,18.809999465942383,17.899999618530273,18.040000915527344,18.040000915527344,513000,DAWN
2022-09-27,18.34000015258789,19.239999771118164,18.010000228881836,19.209999084472656,19.209999084472656,752500,DAWN
2022-09-28,19.31999969482422,20.610000610351562,19.31999969482422,20.110000610351562,20.110000610351562,808500,DAWN
2022-09-29,19.75,20.0049991607666,18.844999313354492,19.6200008392334,19.6200008392334,721400,DAWN
2022-09-30,19.59000015258789,20.43000030517578,19.3700008392334,20.030000686645508,20.030000686645508,887100,DAWN
2022-10-03,20.280000686645508,20.280000686645508,19.530000686645508,20.059999465942383,20.059999465942383,495500,DAWN
2022-10-04,19.579999923706055,20.950000762939453,19.514999389648438,20.940000534057617,20.940000534057617,718300,DAWN
2022-10-05,20.729999542236328,21.14699935913086,20.280000686645508,20.540000915527344,20.540000915527344,311000,DAWN
2022-10-06,20.43000030517578,20.84000015258789,19.950000762939453,20.510000228881836,20.510000228881836,310200,DAWN
2022-10-07,20.459999084472656,20.469999313354492,19.45800018310547,19.549999237060547,19.549999237060547,616300,DAWN
2022-10-10,19.540000915527344,20.59000015258789,19.06999969482422,19.6200008392334,19.6200008392334,645700,DAWN
2022-10-11,19.56999969482422,20.100000381469727,18.84000015258789,19.510000228881836,19.510000228881836,358200,DAWN
2022-10-12,19.469999313354492,19.829999923706055,18.979999542236328,19.780000686645508,19.780000686645508,243500,DAWN
2022-10-13,19.3700008392334,20.56999969482422,19.1299991607666,20.549999237060547,20.549999237060547,326500,DAWN
2022-10-14,20.780000686645508,21.229999542236328,20.56999969482422,20.8799991607666,20.8799991607666,290000,DAWN
2022-10-17,21.3700008392334,21.579999923706055,18.969999313354492,19.670000076293945,19.670000076293945,770700,DAWN
2022-10-18,18.65999984741211,19.579999923706055,17.65999984741211,19.360000610351562,19.360000610351562,780700,DAWN
2022-10-19,19.059999465942383,19.920000076293945,18.8799991607666,19.219999313354492,19.219999313354492,494500,DAWN
2022-10-20,19.219999313354492,20.139999389648438,19.149999618530273,19.25,19.25,347500,DAWN
2022-10-21,19.31999969482422,19.875999450683594,19.100000381469727,19.540000915527344,19.540000915527344,449500,DAWN
2022-10-24,19.510000228881836,19.940000534057617,18.979999542236328,19.719999313354492,19.719999313354492,299500,DAWN
2022-10-25,19.75,20.209999084472656,19.540000915527344,19.850000381469727,19.850000381469727,516300,DAWN
2022-10-26,19.959999084472656,21.1299991607666,19.950000762939453,20.6200008392334,20.6200008392334,579700,DAWN
2022-10-27,20.829999923706055,21.31999969482422,20.469999313354492,20.81999969482422,20.81999969482422,401500,DAWN
2022-10-28,20.93000030517578,21.459999084472656,20.270000457763672,21.350000381469727,21.350000381469727,414100,DAWN
2022-10-31,21.209999084472656,21.579999923706055,20.899999618530273,21.139999389648438,21.139999389648438,440900,DAWN
2022-11-01,20.549999237060547,20.700000762939453,19.549999237060547,20.219999313354492,20.219999313354492,804000,DAWN
2022-11-02,20.229999542236328,20.229999542236328,19.489999771118164,19.5,19.5,730900,DAWN
2022-11-03,19.209999084472656,19.799999237060547,19.1200008392334,19.3700008392334,19.3700008392334,304500,DAWN
2022-11-04,19.43000030517578,19.780000686645508,18.489999771118164,19.25,19.25,409400,DAWN
2022-11-07,19.479999542236328,19.84000015258789,18.885000228881836,19.479999542236328,19.479999542236328,511000,DAWN
2022-11-08,20.139999389648438,20.3799991607666,19.524999618530273,19.770000457763672,19.770000457763672,557000,DAWN
2022-11-09,19.600000381469727,19.700000762939453,18.68000030517578,18.770000457763672,18.770000457763672,534600,DAWN
2022-11-10,19.780000686645508,21.0,18.809999465942383,20.899999618530273,20.899999618530273,990900,DAWN
2022-11-11,20.959999084472656,21.43000030517578,20.440000534057617,21.290000915527344,21.290000915527344,494900,DAWN
2022-11-14,21.309999465942383,22.6200008392334,21.18400001525879,22.0,22.0,359900,DAWN
2022-11-15,22.540000915527344,22.625,21.81999969482422,21.889999389648438,21.889999389648438,438000,DAWN
2022-11-16,22.149999618530273,22.149999618530273,21.059999465942383,21.209999084472656,21.209999084472656,373900,DAWN
2022-11-17,21.110000610351562,21.15999984741211,20.559999465942383,21.09000015258789,21.09000015258789,556000,DAWN
2022-11-18,21.389999389648438,21.790000915527344,20.93000030517578,21.34000015258789,21.34000015258789,237500,DAWN
2022-11-21,21.270000457763672,21.43000030517578,20.25,20.40999984741211,20.40999984741211,501000,DAWN
2022-11-22,20.6299991607666,21.739999771118164,20.299999237060547,21.68000030517578,21.68000030517578,558400,DAWN
2022-11-23,21.56999969482422,22.040000915527344,20.829999923706055,21.139999389648438,21.139999389648438,235200,DAWN
2022-11-25,21.059999465942383,21.5,20.65999984741211,21.40999984741211,21.40999984741211,84200,DAWN
2022-11-28,21.06999969482422,21.770000457763672,19.899999618530273,20.1200008392334,20.1200008392334,349100,DAWN
2022-11-29,20.219999313354492,20.809999465942383,20.1200008392334,20.350000381469727,20.350000381469727,553200,DAWN
2022-11-30,20.559999465942383,21.270000457763672,19.649999618530273,21.229999542236328,21.229999542236328,385000,DAWN
2022-12-01,22.020000457763672,22.700000762939453,21.020000457763672,21.219999313354492,21.219999313354492,436900,DAWN
2022-12-02,20.899999618530273,22.049999237060547,20.8799991607666,21.739999771118164,21.739999771118164,461800,DAWN
2022-12-05,23.0,23.100000381469727,20.989999771118164,21.450000762939453,21.450000762939453,481300,DAWN
2022-12-06,21.1299991607666,21.7450008392334,20.90999984741211,21.059999465942383,21.059999465942383,360800,DAWN
2022-12-07,21.049999237060547,22.260000228881836,20.959999084472656,22.0,22.0,455000,DAWN
2022-12-08,22.1299991607666,22.639999389648438,21.75,21.959999084472656,21.959999084472656,270500,DAWN
2022-12-09,21.850000381469727,22.190000534057617,20.469999313354492,20.5,20.5,285400,DAWN
2022-12-12,20.850000381469727,20.850000381469727,19.8700008392334,19.969999313354492,19.969999313354492,474200,DAWN
2022-12-13,20.010000228881836,20.389999389648438,18.40999984741211,20.100000381469727,20.100000381469727,925700,DAWN
2022-12-14,20.469999313354492,21.809999465942383,19.905000686645508,21.610000610351562,21.610000610351562,544800,DAWN
2022-12-15,21.950000762939453,22.040000915527344,20.889999389648438,21.420000076293945,21.420000076293945,557900,DAWN
2022-12-16,21.209999084472656,21.69499969482422,20.3700008392334,21.420000076293945,21.420000076293945,881300,DAWN
2022-12-19,21.18000030517578,21.440000534057617,19.649999618530273,19.799999237060547,19.799999237060547,528400,DAWN
2022-12-20,19.639999389648438,20.604999542236328,19.6200008392334,20.399999618530273,20.399999618530273,440000,DAWN
2022-12-21,20.5,21.18000030517578,19.84000015258789,20.59000015258789,20.59000015258789,634700,DAWN
2022-12-22,20.420000076293945,20.719999313354492,20.215999603271484,20.65999984741211,20.65999984741211,206800,DAWN
2022-12-23,20.56999969482422,20.649999618530273,19.299999237060547,19.459999084472656,19.459999084472656,356600,DAWN
2022-12-27,19.420000076293945,19.760000228881836,19.139999389648438,19.34000015258789,19.34000015258789,270500,DAWN
2022-12-28,19.40999984741211,20.030000686645508,19.40999984741211,19.809999465942383,19.809999465942383,240900,DAWN
2022-12-29,19.989999771118164,21.549999237060547,19.809999465942383,21.229999542236328,21.229999542236328,425100,DAWN
2022-12-30,21.040000915527344,21.719999313354492,20.780000686645508,21.520000457763672,21.520000457763672,286400,DAWN
